<?xml version="1.0" encoding="UTF-8"?>
<project-private xmlns="http://www.netbeans.org/ns/project-private/1">
    <editor-bookmarks xmlns="http://www.netbeans.org/ns/editor-bookmarks/2" lastBookmarkId="0"/>
    <open-files xmlns="http://www.netbeans.org/ns/projectui-open-files/1">
        <file>file:/D:/www/BB/TW_mobile/index.html</file>
        <file>file:/D:/www/BB/TW_mobile/script.js</file>
        <file>file:/D:/www/BB/TW_mobile/styles.css</file>
    </open-files>
</project-private>
